gen,evals,avg_upcc,avg_upmr,avg_upcm,avg_cpdh,avg_cpah,avg_cprr,std_upcc,std_upmr,std_upcm,std_cpdh,std_cpah,std_cprr,min_upcc,min_upmr,min_upcm,min_cpdh,min_cpah,min_cprr,max_upcc,max_upmr,max_upcm,max_cpdh,max_cpah,max_cprr
0,1000,0.1928333333333338,0.269,0.0916666666666666,0.731,0.731,0.731,0.3618140977878357,0.4434399621143767,0.1930385683973254,0.4434399621143767,0.4434399621143767,0.4434399621143767,0.0,0.0,0.0,0.0,-0.0,-0.0,0.9722222222222222,1.0,0.6666666666666667,1.0,1.0,1.0
